customer_id,customer_name,email,registration_date,customer_type
C00001,Aryan Maharaj,udantdewan@example.net,2024-06-21,REGULAR
C00002,gagan sami,balangirik@example.org,27-04-2026,REGULAR
C00003,Yashasvi Bala,onikannan@example.com,2024-11-04,PREMIUM
C00004,Abeer Dutta,roak@example.org,2024-09-05,REGULAR
C00005,Gayathri Chaudry,raigunbir@example.com,2024-05-30,REGULAR
C00006,Aishani Bassi,hyadav@example.com,2025-08-11,REGULAR
C00007,Chaaya Pathak,ekarajbath@example.net,2024-04-18,REGULAR
C00008,Bimala Buch,harrisonrai@example.com,2025-03-07,REGULAR
C00009,Janya Gaba,isha34@example.net,2024-04-20,REGULAR
C00010,Onveer Walla,nihalshere@example.com,2026-05-15,REGULAR
C00011,Theodore Nair,karnikazad@example.com,2025-09-15,REGULAR
C00012,Amrita Bhatti,divyakala@example.net,2025-09-06,PREMIUM
C00013,Meghana Shanker,alkadewan@example.org,2026-06-27,REGULAR
C00014,Priya Rastogi,theodore28@example.com,2024-03-14,PREMIUM
C00015,Champak Choudhary,nathanielsami@example.net,2026-07-14,VIP
C00016,Lekha Raj,qwadhwa@example.net,14-04-2026,PREMIUM
C00017,Ishwar Yadav,harini14@example.com,2025-02-13,VIP
C00018,Sudiksha Aggarwal,xiti28@example.org,2026-02-27,REGULAR
C00019,Yashica Issac,kashviedwin@example.net,2024-01-01,REGULAR
C00020,Ekiya Suresh,choudhuryjanani@example.com,2025-01-06,REGULAR
C00021,Dalbir Khosla,chadavedika@example.org,2026-04-07,PREMIUM
C00022,Kabir Soman,alkawable@example.net,2025-10-19,VIP
C00023,Siddharth Zacharia,devikarastogi@example.net,2025-08-03,REGULAR
C00024,Raksha Varughese,pdara@example.org,2024-12-23,REGULAR
C00025,Hamsini Bail,thomasamble@example.org,2025-05-28,REGULAR
C00026,Veer Bir,narayananekavir@example.net,2026-06-06,REGULAR
C00027,Arya Sunder,kevinsolanki@example.org,2025-07-04,REGULAR
C00028,Niharika Gupta,chatterjeeraagini@example.com,2025-09-17,PREMIUM
C00029,Nirja Sibal,chaudharidarsh@example.com,2024-10-12,REGULAR
C00030,IKBAL KOTHARI,ranveeryadav@example.com,2024-03-19,REGULAR
C00031,Pahal Goswami,turvi31@example.com,2025-09-23,REGULAR
C00032,Chandresh Zachariah,chanderwarjas@example.org,2025-02-15,VIP
C00033,Vedika Srivastava,nandinibhargava@example.org,2026-01-26,REGULAR
C00034,Aarnav Ramakrishnan,suhani46@example.net,2024-03-29,REGULAR
C00035,Mohammed Gupta,teerth09@example.net,2024-10-15,REGULAR
C00036,Dipta Bhandari,soodyadavi@example.net,2026-06-18,REGULAR
C00037,Dakshesh Trivedi,grewalekapad@example.net,2024-11-13,REGULAR
C00038,Wahab Raval,koshybalveer@example.net,2024-04-22,REGULAR
C00039,Oni Virk,advika35@example.org,2024-07-24,VIP
C00040,Meghana Deep,tanvi51@example.org,2025-04-14,REGULAR
C00041,Harish Borah,yashawinilanka@example.org,2024-07-27,REGULAR
C00042,Ekapad Konda,bhavani27@example.net,2025-06-16,REGULAR
C00043,   Abhiram Mistry,desaiaishani@example.org,2024-05-23,REGULAR
C00044,Nachiket Magar,shivansh53example.net,2024-09-08,PREMIUM
C00045,Yashasvi Suresh,charan16@example.com,2024-08-19,REGULAR
C00046,Aarush Nath,adwetaedwin@example.net,2024-03-02,PREMIUM
C00047,Prisha Andra,borramanthan@example.net,2025-09-23,VIP
C00048,Kala Divan,cdatta@example.com,2024-10-02,PREMIUM
C00049,Balveer Parmar,zaidchauhan@example.com,2025-01-20,REGULAR
C00050,Mohammed Khalsa,petersachar@example.org,2025-12-16,REGULAR
C00051,Gaurangi Sabharwal,amaradutta@example.net,2025-03-08,PREMIUM
C00052,Lavanya Barad,mkapadia@example.com,2026-04-12,REGULAR
C00053,Dalaja Kari,arjunhans@example.com,2024-02-29,REGULAR
C00054,   Arya Boase,indali86@example.net,2025-08-21,PREMIUM
C00055,Ayaan D’Alia,pranav94@example.org,2024-11-02,REGULAR
C00056,Radha Pai,rajata98@example.org,2025-04-11,REGULAR
C00057,Ranveer Kumar,sarinaarav@example.net,11-08-2025,REGULAR
C00058,Januja Sankar,narayanandipta@example.net,2025-03-21,REGULAR
C00059,Charita Tripathi,nilima56@example.net,2026-03-05,REGULAR
C00060,Joshua Handa,rraghavan@example.net,2025-06-04,REGULAR
C00061,Charvi Ravi,modibhavini@example.org,2024-03-12,REGULAR
C00062,Ekanta Shroff,rsathe@example.org,2024-10-29,PREMIUM
C00063,Omkaar Chad,yutika95@example.org,2024-06-14,PREMIUM
C00064,Dayita Kar,mananbakshi@example.org,2024-07-07,REGULAR
C00065,Vaishnavi Bora,osachdeva@example.net,2025-11-18,REGULAR
C00066,Leena Talwar,jkohli@example.net,2026-01-07,REGULAR
C00067,Hredhaan Sandal,patrickvasa@example.com,2025-01-06,REGULAR
C00068,Zaid Dara,zdeol@example.com,2024-08-02,REGULAR
C00069,Saanvi Thaman,ksehgal@example.net,2025-12-24,REGULAR
C00070,Shivani Lad,aradhanaverma@example.com,2026-06-13,REGULAR
C00071,Anvi Sarraf,mangalwahab@example.com,2025-10-12,REGULAR
C00072,Ekaja Zachariah,devimatthew@example.org,2026-01-24,REGULAR
C00073,Michael Kala,sachdevanikita@example.com,2024-07-17,VIP
C00074,   Ojasvi Bhatia,osharamachandran@example.net,2025-10-27,REGULAR
C00075,Lajita Sood,pandeychanchal@example.com,2025-08-11,REGULAR
C00076,Thomas Sura,anjalisarin@example.com,2024-03-21,VIP
C00077,Lopa Nayar,dgandhi@example.org,2025-01-19,REGULAR
C00078,Meera Bala,sanghakrishna@example.com,2024-12-04,REGULAR
C00079,chandresh lad,nnarang@example.com,2024-09-11,VIP
C00080,Geetika Raghavan,oviya41@example.com,2025-09-08,VIP
C00081,Charles Palla,ekapadbaria@example.org,2025-04-13,PREMIUM
C00082,Ryan Bahri,williamdate#example.com,2025-10-27,REGULAR
C00083,Tejas Shroff,jyoti29@example.net,2025-07-16,REGULAR
C00084,Nihal Mukhopadhyay,baldevika@example.net,2025-02-23,REGULAR
C00085,,kibeharsh@example.net,2025-05-15,PREMIUM
C00086,Jai Barman,priya51@example.net,2025-08-11,REGULAR
C00087,Advik Salvi,bcherian@,2025-03-10,PREMIUM
C00088,Michael Saran,anamikayohannan@example.com,28-01-2026,REGULAR
C00089,Rajata Loyal,yatan14@example.com,2025-04-02,REGULAR
C00090,Ucchal Raghavan,ayush75@example.org,2025-10-22,VIP
C00091,Simon Pant,harini49@example.net,2024-10-26,REGULAR
C00092,Advaith Varughese,frederickkhurana@example.net,2025-03-05,PREMIUM
C00093,Vrinda Khosla,cswaminathan@example.org,2024-12-19,REGULAR
C00094,Chaitaly Kant,tkohli@example.net,2025-03-29,REGULAR
C00095,Urvashi Wali,pavani85@example.com,2025-12-30,REGULAR
C00096,Anika Mohan,vihaan13@example.com,2024-04-11,REGULAR
C00097,Qasim Handa,vedamalhotra@example.net,2025-04-16,REGULAR
C00098,Harish Hari,utkarsh52@example.com,2026-03-22,REGULAR
C00099,Jonathan Mahal,bhagatbrinda@example.net,2024-04-03,REGULAR
C00100,Vritti Chauhan,maneupasna@example.com,2024-08-31,REGULAR
C00101,Harini Gour,krishnanvanya@example.org,2024-02-20,REGULAR
C00102,Nandini Swamy,beramax@example.org,2026-07-05,REGULAR
C00103,Frederick Kothari,sahaupkaar@example.net,2024-08-08,REGULAR
C00104,Shravya Savant,pushti49@example.net,2024-07-12,REGULAR
C00105,Hardik Johal,aishanibumb@example.org,2026-07-18,REGULAR
C00106,Oscar Borde,aarnavrege@example.com,2026-06-12,REGULAR
C00107,Bishakha Bali,bhavyamandal@example.net,2024-09-29,REGULAR
C00108,Ekavir Kaur,rudra61@example.net,2026-02-02,VIP
C00109,Manthan Lata,ekbalbhasin@example.org,2025-10-01,REGULAR
C00110,Bhavya Sarna,sidhudaksha@example.net,03-05-2025,REGULAR
C00111,Anita Tella,fsarma@example.net,2026-04-22,REGULAR
C00112,Rachana Naidu,atharv13@example.net,2024-03-21,REGULAR
C00113,AMRUTA BARIA,upmavenkataraman@example.net,2025-01-06,PREMIUM
C00114,Arunima Golla,fswamy@example.com,2024-06-25,REGULAR
C00115,Nilima Nath,henry25@example.com,2025-02-28,REGULAR
C00116,Bhavya Rattan,shagaurang@example.com,2026-07-20,REGULAR
C00117,Ekiya D’Alia,avarkey@example.net,2026-02-27,REGULAR
C00118,Odika Bhagat,zarnapathak@example.net,2024-08-18,REGULAR
C00119,Riya Behl,amaradeep@example.com,2024-10-20,VIP
C00120,Vedhika Dara,khatrinathan@example.com,2026-01-04,PREMIUM
C00121,Nikita Chander,ishaanshenoy@example.org,2026-02-08,VIP
C00122,Wishi Manne,ojasvi77@example.org,2024-06-03,REGULAR
C00123,Maanav Rajagopal,yashodadeshpande@example.org,2025-12-30,PREMIUM
C00124,Oeshi Oak,aarnav44@example.net,2026-04-08,REGULAR
C00125,Manthan Sekhon,vpai@example.net,2024-04-16,REGULAR
C00126,Tamanna Nagy,williamrajagopal@example.org,2024-06-05,REGULAR
C00127,Caleb Nadkarni,yraj@example.net,2025-08-05,REGULAR
C00128,Warhi Bansal,yadavinarula@example.org,2025-08-17,REGULAR
C00129,Harish Vora,uaurora@example.org,2025-01-31,REGULAR
C00130,Mohammed Borde,vlanka@example.net,2025-06-20,VIP
C00131,Faris Narasimhan,onadig@example.net,2025-08-20,PREMIUM
C00132,Balendra Biswas,bhavnakaran@example.net,2024-02-04,VIP
C00133,Radha Chaudhari,sawhneyojas@example.net,2024-03-17,VIP
C00134,Ayush Batra,daksh45@example.com,2025-07-01,REGULAR
C00135,Madhav Konda,kgole@example.org,2024-07-31,REGULAR
C00136,Lavanya Khosla,odhar@example.com,2024-07-23,REGULAR
C00137,Tripti Kumer,shroffbhavna@example.net,2025-07-22,REGULAR
C00138,Ethan Sathe,chandani64@example.com,2025-04-03,PREMIUM
C00139,Rushil Rajagopalan,pchhabra@example.com,2025-09-09,VIP
C00140,Chakrika Merchant,randhawaanvi@example.org,2025-12-07,REGULAR
C00141,Watika Mangat,indirakanda@example.net,2024-12-29,REGULAR
C00142,Zashil Devan,baraldayamai@example.com,2025-12-22,VIP
C00143,Janya Deep,merchanteta@example.net,2026-02-04,REGULAR
C00144,Parth Iyer,jasmitwali@example.net,2026-04-19,REGULAR
C00145,Nitesh Kurian,vmerchant@example.com,2025-09-25,VIP
C00146,Upadhriti Borra,upkaarranganathan@example.net,2025-07-17,REGULAR
C00147,Gautam Rana,lallajatin@example.com,2024-10-21,VIP
C00148,Adweta Raj,hritik37@example.org,2024-02-03,REGULAR
C00149,Timothy Bhatnagar,pmittal@example.com,2026-05-10,REGULAR
C00150,Logan Bath,modiwaida@example.org,2024-01-05,REGULAR
C00151,Wahab Yogi,lipikasetty@example.com,2024-02-10,REGULAR
C00152,Mohammed Sachdeva,surinikita@example.com,2024-07-15,PREMIUM
C00153,Kamala Kalla,psaxena@example.com,2024-06-18,REGULAR
C00154,Jhalak Parmer   ,raoanya@example.org,2025-04-13,REGULAR
C00155,Suhani Chand,anshbedi@example.com,2026-01-31,PREMIUM
C00156,Jeremiah Jha,johaltarak@example.org,2026-06-28,REGULAR
C00157,Manbir Agate,maanav28@example.com,2024-06-03,PREMIUM
C00158,Imaran Bal,alexanderparmar@example.org,2025-10-30,REGULAR
C00159,Amol Ghosh,charles26@example.net,2025-10-24,REGULAR
C00160,Devansh Soni,gpathak@example.net,2024-05-12,REGULAR
C00161,Siya Thakur,calebverma@example.com,2026-05-22,REGULAR
C00162,Azaan Bhat,bratti@example.net,2024-03-20,VIP
C00163,Vritti Sawhney,buchekanta@example.net,2024-12-14,PREMIUM
C00164,Dominic Date,ekta69@example.net,28-10-2025,PREMIUM
C00165,Sudiksha Tiwari,ychaudhary@example.net,2025-02-19,REGULAR
C00166,Tanveer Sani,akari@example.com,2024-08-10,REGULAR
C00167,Mohini Sagar,munshiprisha@example.com,2024-11-30,REGULAR
C00168,Kavya Dua,fbhavsar@example.org,2026-07-15,REGULAR
C00169,Rachana Char,kalpit80@example.net,2025-10-20,REGULAR
C00170,Jason Roy,pallavi04@example.net,2025-03-16,REGULAR
C00171,Indira Chawla,mohammedsubramaniam@example.org,2024-03-26,REGULAR
C00172,Inaya Pillai,mallickupkaar@example.com,2024-01-13,REGULAR
C00173,   Amara Balakrishnan,anjalimoreexample.com,2025-07-04,REGULAR
C00174,Abeer Golla,nandiniboase@example.org,2026-06-09,REGULAR
C00175,,krishasaini@example.com,2025-12-15,PREMIUM
C00176,Nakul Pingle,ekta99@example.org,2026-03-24,REGULAR
C00177,Nachiket Dugar,bumbanita@example.com,2024-06-26,REGULAR
C00178,Vedika Sathe,nmahajan@example.net,2024-08-17,REGULAR
C00179,Hemani Sani,mandervidhi@example.net,2024-10-02,VIP
C00180,Chakradev Kannan,abhakta@example.org,2026-05-26,REGULAR
C00181,Siddharth Devan,bimala51@example.org,2025-12-29,REGULAR
C00182,Qushi Gill,lajitawalia@example.net,2025-12-03,REGULAR
C00183,Xiti Pandya,ranganathanbrijesh@example.com,2026-07-11,REGULAR
C00184,Tripti Brahmbhatt,pushti96@example.net,2026-06-07,REGULAR
C00185,Bimala Contractor,ubail@example.org,2025-06-17,VIP
C00186,Janaki Chakrabarti,pcherian@example.com,2026-03-25,REGULAR
C00187,Farhan Randhawa,harinakshi35@example.org,2026-07-17,REGULAR
C00188,Yashvi Comar,ikshitapanchal@example.net,2025-01-26,PREMIUM
C00189,Warinder Chauhan,aahanahora@example.org,2024-08-07,VIP
C00190,Faqid Goel,wshetty@example.net,2024-05-11,REGULAR
C00191,Ekantika Mutti,riabir@example,2026-03-28,REGULAR
C00192,Chavvi Maharaj,pandeyyashica@example.org,2026-01-25,REGULAR
C00193,triya seth,bhandarijyoti@example.com,2026-04-18,PREMIUM
C00194,Gautam Tripathi,lshere@example.net,2025-08-08,REGULAR
C00195,Shivani Guha,vamakshi82@example.org,2024-03-08,REGULAR
C00196,Harshil Oza,thamanorinder@example.org,2025-11-28,REGULAR
C00197,Raksha Sarna,janujapradhan@example.com,2026-06-05,VIP
C00198,Nilima Nigam,nattdominic@example.com,2024-11-06,PREMIUM
C00199,Libni Mander,mason51@example.net,2024-06-08,PREMIUM
C00200,Inaya Mukherjee,mdayal@example.net,2026-03-08,REGULAR
C00201,Dayita Puri,joshua81@example.net,2024-02-11,REGULAR
C00202,Yashoda Pathak,patildayamai@example.org,2025-05-10,VIP
C00203,Harita Sunder,chadavedika@example.org,03-01-2026,REGULAR
C00204,Chakrika Chaudhuri,nayarkaran@example.net,2024-12-01,PREMIUM
C00205,Mitesh Gaba,noahsarma@example.org,2025-04-12,REGULAR
C00206,Janya Khanna,wmane@example.net,2026-02-15,REGULAR
C00207,Vivaan Walla,dayamaisingh@example.org,2025-07-02,REGULAR
C00208,Ridhi Shenoy,lavanya88@example.com,2026-03-28,REGULAR
C00209,RYAN DEVI,charles75@example.net,2025-08-23,VIP
C00210,Zaitra Dash,fiyaz24@example.com,2024-06-10,PREMIUM
C00211,Rajeshri Chand,shravyapalla@example.org,2024-09-28,PREMIUM
C00212,Chatresh Randhawa,warinder61@example.com,2025-12-11,REGULAR
C00213,Ayaan Nagar,nayakmadhav@example.org,2025-09-10,VIP
C00214,Bhavini Sodhi,upasnasen@example.net,2024-03-15,PREMIUM
C00215,Fariq Bahl,tanveer28@example.net,2025-08-23,REGULAR
C00216,Indrajit Mani,charvidara@example.org,2024-05-08,PREMIUM
C00217,Oni Shankar,choudhryxalak@example.net,2024-05-04,REGULAR
C00218,Yutika Khurana,bishakhasanghvi@example.org,2025-11-25,REGULAR
C00219,Wridesh Saha,frederickviswanathan@example.com,2024-03-30,REGULAR
C00220,Yashica Tripathi,ramakrishnanupma@example.org,2024-08-09,PREMIUM
C00221,Kashvi Kulkarni,parikhekansh@example.com,2025-07-16,REGULAR
C00222,Hemang Natarajan,chaitanyapandey@example.net,2024-04-29,REGULAR
C00223,Parth Shetty,zgopal@example.org,2024-10-16,REGULAR
C00224,Tanvi Bansal,saksham03@example.org,2025-03-19,REGULAR
C00225,Dayita Varma,qsolanki@example.org,2025-11-22,VIP
C00226,Bhavika Parikh,narulaanjali@example.org,2026-05-04,REGULAR
C00227,Rajeshri Ratta,vraju@example.org,15-07-2025,REGULAR
C00228,Widisha Pillai,fitan61@example.com,2026-05-10,REGULAR
C00229,Chaaya Nagi,buchfalak@example.net,2025-09-10,VIP
C00230,Damini Sehgal,sganesan@example.com,2025-05-07,REGULAR
C00231,Sanya Basak,radhika40@example.org,2026-07-02,REGULAR
C00232,Januja Varghese,azaandhar@example.net,2024-08-25,REGULAR
C00233,Bakhshi Date,keerjeevika@example.com,2025-03-17,PREMIUM
C00234,Bachittar Dube,xprabhakar@example.com,2026-04-08,REGULAR
C00235,   Laksh Wagle,mitali54@example.org,2026-07-29,REGULAR
C00236,Atharv Grewal,yvasa@example.net,2026-06-14,REGULAR
C00237,Adweta Lad,nkala@example.com,2026-04-27,REGULAR
C00238,Ryan Das,ethanseth@example.org,2024-04-23,REGULAR
C00239,Gagan Nagarajan,dhruv88@example.com,2025-05-11,PREMIUM
C00240,Nakul Ghosh,yashoda31@example.org,2025-05-10,REGULAR
C00241,Warjas Tak,pateljyoti@example.com,2025-10-11,REGULAR
C00242,Gabriel Bhatti,mitali78@example.com,2024-09-04,REGULAR
C00243,Ethan Dass,ethan77@example.net,2026-02-24,REGULAR
C00244,Kabir Gopal,rachitathakkar@example.org,2026-01-01,REGULAR
C00245,Zarna Dua,nitesh25@example.net,2025-09-18,REGULAR
C00246,Hiral Venkataraman,farhan43@example.net,2026-02-22,REGULAR
C00247,Jeremiah Mitter,thakkarom@example.net,2024-05-30,REGULAR
C00248,onveer nazareth,balakrishnanfinn@example.org,2026-03-01,REGULAR
C00249,Shivansh Saha,tankbimala@example.net,2024-08-19,REGULAR
C00250,Vasudha Konda,dmishra@example.org,2025-04-09,REGULAR
C00251,Nakul Sarraf,dsule@example.org,2024-01-26,REGULAR
C00252,Maanas Munshi,hemani62@example.com,2024-02-11,REGULAR
C00253,Eiravati Khurana,rdas@example.com,2024-03-20,REGULAR
C00254,Lohit Chatterjee,mannanleena@example.net,2025-01-11,REGULAR
C00255,Yuvraj Dutta,dhriti32@example.com,2024-11-12,REGULAR
C00256,Wishi Morar,fbajaj@example.com,2024-08-02,REGULAR
C00257,Wridesh Kale,chanakya04@example.com,2025-12-15,VIP
C00258,Bhavika Yadav,chokshiraagini@example.org,2025-02-14,REGULAR
C00259,Jasmit Rau,chakradev60@example.net,2025-04-07,PREMIUM
C00260,Janani Mani,rajuyamini@example.com,2025-02-28,REGULAR
C00261,Jagat Dave,rameshkashvi@example.com,2024-08-15,REGULAR
C00262,Maanas Issac,ctella@example.org,2026-01-14,REGULAR
C00263,Laksh Nath,dvenkataraman@example.org,2026-06-30,REGULAR
C00264,Falak Nagar,mayamistry@,2025-05-28,PREMIUM
C00265,Yashica Upadhyay,emistry@example.org,2026-01-08,REGULAR
C00266,Garima Choudhary,ymorar@example.net,2024-05-18,REGULAR
C00267,Urvi Lanka,charansrinivasan@example.org,2025-10-11,PREMIUM
C00268,Manbir Kibe,choudharyrayaan@example.org,2025-03-25,PREMIUM
C00269,Dipta Sahota,nitarajani@example.com,2026-04-23,REGULAR
C00270,David Devi,ektasridhar@example.net,2025-05-28,REGULAR
C00271,Dipta Ghose,vwalia@example.net,2026-06-01,REGULAR
C00272,Aishani Sule,yatinmallick@example.net,2025-05-24,REGULAR
C00273,Umang Mishra,sarthak75@example.com,2025-02-09,REGULAR
C00274,Anusha Mani   ,raghavanmegha@example.com,2025-02-10,REGULAR
C00275,Bina Basak,farhan57@example.net,2026-02-19,VIP
C00276,Varenya Kala,anikamagar@example.org,2025-07-24,REGULAR
C00277,Wriddhish Kibe,waliupkaar@example.net,2025-10-07,PREMIUM
C00278,Charles Chaudhry,tnarayanan@example.com,2026-07-14,PREMIUM
C00279,Laksh Ahluwalia,niharikasoni@example.com,2024-04-05,PREMIUM
C00280,Bhavna Nagi,daniel19@example.org,2025-11-17,REGULAR
C00281,Parth Sahni,balhaarranganathan@example.com,2025-12-05,REGULAR
C00282,Bimala Barad,misrahredhaan@example.com,2024-02-03,REGULAR
C00283,Suhani Viswanathan,gdesai@example.com,2024-04-09,REGULAR
C00284,Reyansh Chowdhury,nicholas74@example.net,2024-10-06,PREMIUM
C00285,Akshay Nazareth,reyansh29@example.net,2025-08-17,REGULAR
C00286,Prisha Varma,gabriel61@example.org,2024-07-25,REGULAR
C00287,Vansha Naik,abeerlal@example.com,2024-12-11,PREMIUM
C00288,Sanya Loke,chasmum99@example.org,2025-08-12,PREMIUM
C00289,Jagvi Keer,daniudyati@example.com,2024-06-24,REGULAR
C00290,Nidra Thakkar,jacob45@example.net,2024-04-14,REGULAR
C00291,Theodore Deol,ddua@example.net,2025-09-16,REGULAR
C00292,Ojasvi Sinha,yugbumb@example.net,2024-12-29,PREMIUM
C00293,Janaki Brahmbhatt,bhatiayashasvi@example.org,2025-04-13,PREMIUM
C00294,Nitesh Narang,rdada@example.org,2026-07-08,PREMIUM
C00295,Gavin Uppal,dbhakta@example.org,2025-08-15,PREMIUM
C00296,Tanmayi Bhardwaj,umorar@example.org,2026-01-05,REGULAR
C00297,Aachal Aggarwal,elijahbath@example.com,2025-10-03,VIP
C00298,Devansh Bhasin,sodhiazad@example.com,2025-11-29,PREMIUM
C00299,Pranit Deshmukh,yprasad@example.com,2026-07-25,REGULAR
C00300,Keya Buch,ijayadani@,2024-11-20,PREMIUM
C00301,Joshua Kapoor,bajajchanchal@example.com,2026-01-13,VIP
C00302,Ladli Karpe,trivenipal@example.org,2025-03-15,REGULAR
C00303,Ranbir Chowdhury,sainiamol@example.org,2024-06-02,PREMIUM
C00304,Ekalinga Chaudhuri,sekhonchanakya@example.org,2024-03-12,REGULAR
C00305,Neelima Sarna,teerthbhalla@example.org,2025-10-10,REGULAR
C00306,Vivaan Nagar,warjas42@example.net,2025-06-08,REGULAR
C00307,Odika Mital,darsh89@example.net,2025-07-01,REGULAR
C00308,Prisha Tandon   ,padmanabhanlakshmi@example.net,01-04-2024,REGULAR
C00309,Omaja Rege,charitapuri#example.org,2024-08-01,PREMIUM
C00310,Wridesh Kar,maanas70@example.net,2026-01-20,REGULAR
C00311,Omaja Wagle,lipikakibe@example.com,2026-04-12,VIP
C00312,Ganga Brar,fprabhakar@example.net,2024-06-15,VIP
C00313,Charan Loyal,ebaral@example.org,2025-09-08,REGULAR
C00314,Varenya Joshi,chavvi03@example.org,2024-05-05,REGULAR
C00315,,mekhalakhatri@example.net,2024-03-28,REGULAR
C00316,Barkha Rai,pwalla@example.com,2024-05-28,PREMIUM
C00317,Advika Parsa,gshukla@example.net,2025-02-25,REGULAR
C00318,Ekaja Jani,dhriti60@example.net,2025-05-03,REGULAR
C00319,Madhav Babu,omisha42@example.org,2025-04-09,REGULAR
C00320,Victor Raghavan   ,xalaknazareth@example.com,2024-08-05,PREMIUM
C00321,Vritti Sharma,indiragara@example.org,2024-12-26,PREMIUM
C00322,Qarin Bhargava,bordechanakya@example.org,2024-02-16,REGULAR
C00323,,doraaditya@example.org,2024-10-15,REGULAR
C00324,Kashvi Bhasin,bsura@example.org,2024-05-07,REGULAR
C00325,Advik Badal,bhavini08@example.net,2024-05-22,REGULAR
C00326,Praneel Chhabra,viswanathanmanthan@example.org,2025-11-28,REGULAR
C00327,Zayyan Pandya,mekhala15@example.com,2025-05-18,PREMIUM
C00328,Yagnesh Kara,faris01@example.com,2025-01-12,REGULAR
C00329,Krishna Soni,andraonveer@example.org,2024-04-08,REGULAR
C00330,Radha Narula,wablebrijesh@example.org,2026-02-09,REGULAR
C00331,Vaishnavi Madan,bordeavni@example.net,2025-08-13,PREMIUM
C00332,Praneel Murty,johalmaanas@example.net,2024-07-30,REGULAR
C00333,Faraj Mistry,wrideshramachandran@example.net,2025-05-10,REGULAR
C00334,Leena Dey,tellahiral@example.org,2025-09-02,REGULAR
C00335,Rajeshri Kata,oakmekhala@example.com,2024-02-11,VIP
C00336,Anjali Seshadri,wkari@example.net,2025-09-27,REGULAR
C00337,Rachana Grewal,xchada@example.net,2025-08-08,REGULAR
C00338,Yatin Borah,loyalmitesh@example.com,2025-10-11,REGULAR
C00339,Lopa Nadig,hredhaan10@example.com,2024-05-12,REGULAR
C00340,Jagvi Madan,deogagan@example.org,2025-09-12,VIP
C00341,Saumya Vala,bchauhan@example.org,2026-03-16,REGULAR
C00342,Girik Nair,sarora@example.com,2026-02-16,REGULAR
C00343,Frado Kibe,lajitagara@example.org,2024-08-08,REGULAR
C00344,Charvi Loyal,edhingra@example.org,2025-12-03,REGULAR
C00345,Anya Sama,veda15@example.com,2024-09-12,VIP
C00346,Warhi Hayre,ichhabra@example.com,18-12-2025,REGULAR
C00347,MEGHANA NATARAJAN,cnarayan@example.com,2024-11-02,REGULAR
C00348,Laban Mital,sai75@example.org,2024-04-07,REGULAR
C00349,Eiravati Manne,ukibe@example.com,2026-01-30,REGULAR
C00350,Maya Patla,iyengarpranit@example.net,2025-12-12,REGULAR
C00351,Triya Kadakia,smanne@example.org,2024-07-27,REGULAR
C00352,Xalak Dewan,wyatt42@example.net,2026-07-15,REGULAR
C00353,Krishna Borah,lsrinivas@example.com,2024-09-26,REGULAR
C00354,Balhaar Parsa,choprayuvraj@example.net,2025-07-11,VIP
C00355,Ojas Basu,ynarula@example.com,2025-09-27,REGULAR
C00356,Advaith Chaudhari,tristan88@example.net,2024-12-08,REGULAR
C00357,Sanaya Prasad,xsheth@example.net,2026-02-08,REGULAR
C00358,Hemani Bakshi,scheema@example.com,2024-03-05,PREMIUM
C00359,Jack Dhar,devika57@example.org,2025-01-19,REGULAR
C00360,Ijaya Soni,sarmasneha@example.com,2024-07-01,PREMIUM
C00361,Charita Basu,bajajhemal@example.net,2025-10-27,REGULAR
C00362,Nitesh Kohli,nathanielnarayanan@example.net,2025-03-12,REGULAR
C00363,Turvi Kata,lgour@example.net,2026-03-10,VIP
C00364,Meghana Balakrishnan,shivanisanghvi@example.com,2025-03-06,PREMIUM
C00365,Tanish Jha,dev91@example.net,2025-09-02,REGULAR
C00366,Jasmit Nanda,tanvicomar@example.com,2024-05-24,REGULAR
C00367,Dhriti Rama,wcomar@example.com,2026-06-23,REGULAR
C00368,Orinder Mishra,desaidhriti@example.org,2025-07-10,PREMIUM
C00369,Dalaja Dada,kashvidhaliwal@example.net,2025-05-16,PREMIUM
C00370,Omya Devi,lsampath@,16-03-2024,REGULAR
C00371,Ojas Suri,logan25@example.com,2025-10-26,REGULAR
C00372,,mdeshpande@example.com,2025-03-01,REGULAR
C00373,Nilima Swamy,fsawhney@example.org,2025-04-19,PREMIUM
C00374,Azaan Kannan,bachittar43@example.net,2024-05-01,REGULAR
C00375,Om Shankar,hvaidya@example.net,2025-10-18,REGULAR
C00376,Amrita Peri,sastrytejas@example.com,2025-07-24,PREMIUM
C00377,Yug Mishra,senguptaadya@example.com,2024-08-09,REGULAR
C00378,Reva Dalal,shauryapanchal@example.net,2024-08-23,VIP
C00379,Noah Dewan,samuelbhargava@example.net,2024-07-10,REGULAR
C00380,Avni Yohannan,ekiyamaster@example.com,10-05-2024,REGULAR
C00381,Yoshita Chandran,nishabhargava@example.com,2025-04-13,REGULAR
C00382,Kevin Krish,ekantakota@example.net,2025-01-06,REGULAR
C00383,Vrishti Dhar,oeshi67@example.org,2025-07-14,VIP
C00384,NEHA VARMA,jyoti77@example.com,2026-01-01,VIP
C00385,Girik Shanker,dev86@example.org,2024-04-03,VIP
C00386,Siddharth Talwar,ekantika45@example.net,2025-09-16,REGULAR
C00387,Vedhika Oza,batrahardik@example.net,2024-11-11,VIP
C00388,Amol Dash,ridhishan@example.org,2024-04-12,REGULAR
C00389,Samaksh Deo,nathan41@example.net,2024-06-29,REGULAR
C00390,Zashil Butala,noah06@example.net,2024-08-01,PREMIUM
C00391,Vivaan Sanghvi,chandranaarav@example.org,2024-09-16,REGULAR
C00392,Faras Deo   ,zilmilsaxena@example.org,2025-06-04,PREMIUM
C00393,Hemal Dara,edeo@example.org,2025-12-08,REGULAR
C00394,Leela Chakraborty,chauhandhritiexample.com,2026-06-10,REGULAR
C00395,Laksh Raja,lukebiswas@example.net,2025-08-17,VIP
C00396,Nitesh Sarraf,tanay26@example.net,2025-10-13,REGULAR
C00397,Teerth Chadha,deyjatin@example.net,2024-07-04,REGULAR
C00398,Indali Sanghvi,logan34@example.net,2024-04-17,PREMIUM
C00399,Yuvraj Mane,mitrasamesh@example.net,2025-07-27,REGULAR
C00400,Manya Merchant,khatriwarda@example.com,2026-02-05,VIP
C00401,Wridesh Tata,mallickupkaar@example.com,28-09-2025,REGULAR
C00402,Kevin Ram,ipau@example.net,2025-08-07,PREMIUM
C00403,Urishilla Bora,birakshay@example.com,2024-04-03,VIP
C00404,Balveer Bhasin,stoor@example.net,2025-10-03,PREMIUM
C00405,Pallavi Ratti,yadavmichael@example.com,2025-09-04,REGULAR
C00406,Dayita Brar,nachiketyadav@example.com,2025-05-04,VIP
C00407,Dominic Mukherjee,dkhare@example.org,2024-11-10,REGULAR
C00408,Radha D’Alia,tbhakta@example.net,2024-07-06,REGULAR
C00409,Jagdish Arora,advaygade@example.com,2024-09-01,PREMIUM
C00410,Zansi Lad,kamyadate@example.net,2024-08-18,REGULAR
C00411,Jacob Balan,pushti48@example.org,2024-09-27,REGULAR
C00412,Faraj Taneja,xvaidya@example.org,2024-08-05,REGULAR
C00413,Ojas Pillai,aadhyachauhan@example.net,2024-05-10,REGULAR
C00414,Vedant Upadhyay,basuadvik@example.org,2025-11-19,PREMIUM
C00415,Urmi Patla,ldoctor@example.org,2024-03-19,REGULAR
C00416,Udarsh Nagy,omajanagarajan@example.com,2024-09-25,REGULAR
C00417,Kashish Dar,golaudant@example.net,2025-01-16,REGULAR
C00418,Nandini Biswas,xmandal@example.com,2025-10-13,REGULAR
C00419,Gabriel Shan,pillaysai@example.com,2025-08-17,PREMIUM
C00420,Xavier Shetty,wakeeta38@example.org,2025-08-26,REGULAR
C00421,Abeer Rout,kaulhiral@example.net,2026-01-02,REGULAR
C00422,Gautami Agarwal,gmohanty@example.org,2025-02-18,REGULAR
C00423,Oni Swamy,dharati@example.org,2025-08-26,REGULAR
C00424,Vincent Venkatesh,dpradhan@example.net,2025-07-11,VIP
C00425,Girish Tiwari,meeraborde@example.net,2024-10-19,PREMIUM
C00426,Radhika De,bishakhalal@,2024-03-28,REGULAR
C00427,Eta Nadkarni,omagar@example.org,2024-10-02,VIP
C00428,Laban Chopra,hiteshgala@example.com,2024-06-21,PREMIUM
C00429,Dipta Ray,wasonishita@example.org,2024-06-05,REGULAR
C00430,Darika Sheth,jagdish12@example.net,2026-01-26,REGULAR
C00431,Banjeet Kale,manbir13@example.com,2024-12-12,REGULAR
C00432,Yochana Bawa,abha20@example.com,2024-01-03,VIP
C00433,Zaid Chandra,zchaudry@example.org,2026-07-24,REGULAR
C00434,Advik Bhatia,kalpithora@example.com,2025-05-29,PREMIUM
C00435,Frado Lad,bainsdhruv@example.org,2025-06-05,REGULAR
C00436,Kabir Chanda,jason07@example.org,2024-01-02,REGULAR
C00437,Rachita Rana,ybalan@example.net,2025-06-29,REGULAR
C00438,orinder pandya,rachitmaharaj@example.com,2024-09-09,REGULAR
C00439,Manthan Banerjee,chakrikatara@example.com,2025-06-14,REGULAR
C00440,Darsh Chahal,leela26@example.org,2026-07-11,VIP
C00441,Anirudh Raja,varsha87@example.com,2025-11-05,REGULAR
C00442,Lipika Madan,atharvnagar@example.net,2026-04-19,REGULAR
C00443,,sodhiishita@example.net,2024-08-26,REGULAR
C00444,Nathaniel Chaudhry,wrideshlata@example.net,2024-05-30,REGULAR
C00445,Theodore Rama,oscar23@example.net,2025-09-09,REGULAR
C00446,Jagrati Bala,lucky93@example.com,2025-08-15,REGULAR
C00447,Parth Swaminathan,chanadaksh@example.org,2024-04-05,REGULAR
C00448,Anmol Vyas,vacharya@example.net,2026-07-05,REGULAR
C00449,Kalpit Oak,ekiyabhargava@example.org,2026-01-07,REGULAR
C00450,Lucky Choudhry,elijah56@example.net,2026-06-06,VIP
C00451,Gayathri Mittal,laban26@example.net,2024-09-25,VIP
C00452,Edhitha Ghosh,udant92@example.com,2025-11-07,REGULAR
C00453,Chaitaly Datta,aaravraman@example.net,2024-04-14,REGULAR
C00454,Qabil Nadkarni,hemangtaneja@example.org,2024-01-20,PREMIUM
C00455,Faras Khanna,ekaja21@example.net,2026-07-02,REGULAR
C00456,Sanya Apte,shaurya31@example.com,2026-04-12,PREMIUM
C00457,Hritik Agarwal,rajuraksha@example.net,2024-09-24,REGULAR
C00458,Ojas Sachdev,wradhakrishnan@example.net,2025-05-29,REGULAR
C00459,Harrison Srinivas,nicholasseth@example.org,2025-04-15,REGULAR
C00460,Chaitaly Bahri,advika11@example.com,2025-04-11,VIP
C00461,Keya Dyal,chanderhamsini@example.net,2024-10-18,REGULAR
C00462,Azaan Sankar,radhadugar@example.org,2024-03-28,REGULAR
C00463,Garima Jha,nimratzachariah@example.com,2026-06-02,REGULAR
C00464,Chameli Khanna,bawamaya@example.net,2025-07-13,PREMIUM
C00465,Mitesh Bhagat,aarush61@example.com,2024-02-17,REGULAR
C00466,Ryan Chatterjee,jhaverionkar@example.net,2025-06-18,REGULAR
C00467,Finn Solanki,morarmitali@example.com,2024-09-10,PREMIUM
C00468,Alka Chand,xgoyal@example.com,2025-09-28,REGULAR
C00469,Rachit Sehgal,lallria@example.com,2024-09-26,REGULAR
C00470,Upkaar Luthra,doragunbir@example.org,2025-03-03,REGULAR
C00471,Odika Karan,ramomya@example.net,2025-09-08,REGULAR
C00472,Warinder Soni,farhan60@example.net,2026-07-11,REGULAR
C00473,Jai Sen,oliverkakar@example.org,2025-03-06,REGULAR
C00474,Brijesh Sampath,saransaksham@example.net,2024-03-29,PREMIUM
C00475,Aarna Nagarajan,chahallipika@example.net,2026-02-11,VIP
C00476,Eshana Majumdar,yarora@example.net,2026-06-07,PREMIUM
C00477,Isaiah Sachdeva,manbirchaudhry@example.org,2025-07-10,REGULAR
C00478,Bhavika Wason,nirja46@example.net,2024-07-17,PREMIUM
C00479,Urvashi Barad,anyarau@example.org,2024-05-18,REGULAR
C00480,Balvan Randhawa,wazir07@example.com,2026-06-28,REGULAR
C00481,Anmol Nazareth,deepa47@example.net,2024-04-20,REGULAR
C00482,Vedant Desai,saanvi54@example.net,2024-08-22,REGULAR
C00483,,akakar@example.net,2025-05-06,PREMIUM
C00484,Zaitra Prakash,varmanathan@example.org,2024-03-31,REGULAR
C00485,Yashawini Raval,ayushghose@example.org,16-05-2024,REGULAR
C00486,DALBIR KRISH,shanchandresh@example.com,2026-04-09,REGULAR
C00487,Anusha Pillay,ztiwari@example.net,2024-01-07,REGULAR
C00488,   Azaan Khurana,vrinda97@example.org,2026-07-03,REGULAR
C00489,Inaya Padmanabhan,aarnachana@example.com,2026-03-25,REGULAR
C00490,Libni Bawa,tanishkant@,2024-10-19,REGULAR
C00491,Samuel Luthra,bvarghese@example.net,2024-02-04,REGULAR
C00492,Urvi Deo,abhiramkapur@example.com,2025-02-01,PREMIUM
C00493,Anvi Sampath,dpalla@example.com,2024-03-15,REGULAR
C00494,Unnati Mittal,achaudry@example.net,2024-01-15,REGULAR
C00495,Barkha Misra,subramaniamdevansh@example.com,2024-06-11,REGULAR
C00496,Ekta Malhotra,chanchal32@example.net,2025-02-12,PREMIUM
C00497,Dakshesh Raval,logan07example.com,2024-11-18,REGULAR
C00498,Omya Ravel,lbanik@example.net,2026-02-06,REGULAR
C00499,Hemal Kapadia,gparmer@example.com,2024-12-25,REGULAR
C00500,Pratyush Memon,sinhakabir@example.net,2025-03-27,REGULAR
C00501,Qadim Nayak,kapadiaisha@example.org,2024-01-16,PREMIUM
C00502,Osha Narula,abha94@example.com,2024-05-24,REGULAR
C00503,Upma Bera,sodhirobert@example.net,2026-01-12,PREMIUM
C00504,Lakshmi Wagle,odika02@example.org,2024-09-04,REGULAR
C00505,Hema Rout,udhar@example.net,2025-07-11,REGULAR
C00506,   Faris Sura,peter50@example.org,2026-01-28,REGULAR
C00507,Anusha Kadakia,nathansuri@example.org,2026-03-26,PREMIUM
C00508,Radha Sanghvi,esanghvi@example.com,2026-03-23,REGULAR
C00509,Baljiwan Walla,kashviatwal@example.com,2025-08-20,REGULAR
C00510,Andrew Agrawal,upkaarpadmanabhan@example.com,2026-02-24,PREMIUM
C00511,Harshil Rajagopal,oliver10@example.com,2025-03-08,REGULAR
C00512,Tamanna Venkatesh,radha25@example.com,2026-06-09,REGULAR
C00513,Raghav Gala,obahl@example.org,2024-06-08,REGULAR
C00514,Siddharth Bains,jatinperi@example.net,2025-04-18,PREMIUM
C00515,Keya Kumer,bavahritik@example.net,2024-12-12,PREMIUM
C00516,Chanakya D’Alia,ysawhney@example.org,2025-12-03,REGULAR
C00517,Urvi Dua,adityamitra@example.com,2025-03-29,REGULAR
C00518,Zinal Madan,omyacheema@example.net,2025-09-27,REGULAR
C00519,Barkha Comar,tankrushil@example.net,2024-10-23,PREMIUM
C00520,Adya Virk,petersachar@example.org,2025-11-30,REGULAR
C00521,Balveer Taneja,vasananarayanan@example.org,2025-11-03,PREMIUM
C00522,Agastya Chakraborty,takmanthan@example.org,2024-07-18,REGULAR
C00523,Harrison Kunda,tanmayiminhas@example.com,2025-01-20,REGULAR
C00524,Chandresh Chaudhry,balveermannan@example.com,2026-03-06,REGULAR
C00525,Pooja D’Alia,bathaditya@example.org,2024-11-08,REGULAR
C00526,Falguni Parmar,uloyal@example.org,2024-10-03,REGULAR
C00527,Hema Goswami,rattanmugdha@example.com,2026-06-05,VIP
C00528,lekha sridhar,hganesan@example.org,2025-10-18,PREMIUM
C00529,Nathaniel Chawla,zsubramanian@example.net,2024-09-07,VIP
C00530,Pratyush Raghavan,ayush27@example.com,2026-04-20,REGULAR
C00531,Nisha Sastry,bhatnagaradvika@example.net,2026-05-21,REGULAR
C00532,Advik Vohra,hamsinivenkataraman@example.net,15-08-2025,REGULAR
C00533,Rachita Kothari,qpal@example.net,2025-01-25,REGULAR
C00534,Manthan Bhagat,dugaryashasvi@example.com,2025-07-25,PREMIUM
C00535,Noah Borde,pnagi@example.com,2024-10-02,VIP
C00536,Chandresh Tripathi,kritikarau@example.org,2025-03-09,REGULAR
C00537,Tripti Sawhney,fchakrabarti@example.com,2024-08-28,REGULAR
C00538,Jagat Tank,chauhannetra@example.com,2025-04-12,REGULAR
C00539,Aadi Chand,yashoda83@example.net,2024-10-12,REGULAR
C00540,Harita Patla,kapoorsuhani@example.com,2024-11-27,REGULAR
C00541,JANUJA SETHI,chatterjeetristan@example.org,2026-05-22,PREMIUM
C00542,Isha Manne,hitesh02@example.com,2025-01-13,VIP
C00543,Nimrat Chhabra,rohan31@example.com,2026-04-19,PREMIUM
C00544,Tanvi Halder,hritik60@example.net,2026-01-26,REGULAR
C00545,Shravya Shankar,wishiagrawal@example.net,2026-04-15,REGULAR
C00546,Rachita Subramanian,oscardave@example.org,2024-06-10,REGULAR
C00547,Ekanta Thaman,msahota@example.net,2024-04-22,PREMIUM
C00548,Anusha Rao,chaitaly72@example.org,2025-01-26,REGULAR
C00549,Yauvani Mistry,teerth33example.net,2025-11-03,REGULAR
C00550,Hemani Deo,yahvinaidu@example.net,2024-04-22,REGULAR
C00551,indira srinivasan,swalla@example.com,2025-11-10,REGULAR
C00552,Hredhaan Bakshi,ddhillon@example.net,2026-04-27,REGULAR
C00553,Ryan Loke,bhavinikrishna@example.org,2025-08-02,VIP
C00554,Chakrika Jani,parmersneha@example.org,2025-09-04,REGULAR
C00555,Lopa Khanna,champak66@example.com,2025-10-03,VIP
C00556,Chatura Arya,samaksh97@example.org,2024-06-27,REGULAR
C00557,Ronith Hari,saumya21@example.org,2025-12-17,REGULAR
C00558,Yoshita Dar,bbaria@example.com,2025-05-28,REGULAR
C00559,Kalpit Dyal,abdul57@example.net,2026-01-24,REGULAR
C00560,Balveer Dube,charan94@example.com,2025-05-06,VIP
C00561,Elijah Nadkarni,qarinverma@example.org,2025-03-05,PREMIUM
C00562,Ojasvi Yadav,wchanda@example.org,2025-04-19,REGULAR
C00563,Garima Narula,chaaya39@example.net,2026-04-16,REGULAR
C00564,Aditya Contractor,sanaya39@example.net,2024-02-18,PREMIUM
C00565,Balveer Nagi,ycomar@example.com,2026-04-18,REGULAR
C00566,Aryan Varughese,yoshita87@example.com,2025-03-28,REGULAR
C00567,Chaman Hans,yoshita11@example.org,2024-09-14,PREMIUM
C00568,Dominic Kade,paninichawla@example.org,2024-08-15,PREMIUM
C00569,Ekbal Dube,sharafgarima@example.org,2025-07-27,REGULAR
C00570,Ethan Bhagat,zayanbobal@example.net,2024-03-13,REGULAR
C00571,Aarna Reddy,oseshadri@example.com,2025-02-13,REGULAR
C00572,Diya Badal,idani@example.org,2024-04-30,REGULAR
C00573,CHAKRADEV BORA,yadavi14@example.net,2026-01-26,PREMIUM
C00574,Gabriel Manda,zraj@example.net,2026-03-10,REGULAR
C00575,Urvi Dugar,labanraman@example.net,2024-12-23,REGULAR
C00576,Maanas Misra,advay88@example.org,2025-09-30,REGULAR
C00577,Benjamin Ahluwalia,jyogi@example.org,2026-06-07,REGULAR
C00578,Shivansh Padmanabhan,nitaravala@example.org,2024-01-29,PREMIUM
C00579,Qarin Kant,rishi12@example.net,2026-01-02,PREMIUM
C00580,Triya Bora,ekalinga41@example.org,2024-10-09,REGULAR
C00581,Ganga Parikh,wahabchaudhry@example.com,2024-04-16,REGULAR
C00582,Rishi Nadkarni,vseshadri@example.net,2025-10-14,PREMIUM
C00583,Michael Patla,priya20@example.com,2026-04-05,REGULAR
C00584,   Timothy Sarin,jagvi25@example.com,2025-11-01,REGULAR
C00585,Sanaya Parmer,vidhi81@example.org,2025-08-15,REGULAR
C00586,Avni Dey,adyabose@example.net,2025-01-30,REGULAR
C00587,ANIRUDH TRIPATHI,ravelsimon@example.org,2024-10-20,REGULAR
C00588,Urmi Dixit,manya39@example.net,2024-11-15,REGULAR
C00589,Krish Shetty,ranganathanjanuja@example.net,2026-04-12,REGULAR
C00590,William Gandhi,sanayadutta@example.org,2026-05-16,REGULAR
C00591,Veda Parmer,kandavinaya@example.org,2025-09-10,PREMIUM
C00592,Aishani Pingle,brijeshjhaveri@example.net,2024-09-08,REGULAR
C00593,LIPIKA SINGH,cbatra@example.net,2024-03-21,REGULAR
C00594,Harshil Verma,adya98@example.net,2025-11-07,REGULAR
C00595,Krisha Radhakrishnan,faras84@example.com,2025-09-14,REGULAR
C00596,Zaitra Ravi,hemani77@example.net,2026-02-06,REGULAR
C00597,Yachana Dewan,ogandhi@example.org,2026-07-20,REGULAR
C00598,Siddharth Doctor,nakulpathak@example.net,2024-09-01,REGULAR
C00599,Victor Sachdeva,ishaan77@example.com,2024-01-24,PREMIUM
C00600,Neel Roy,kohlicaleb@example.org,2025-06-24,REGULAR
